{
  "fold_accuracies": [
    0.9994117617607117,
    0.9997059106826782,
    0.9997059106826782,
    0.9991176724433899,
    0.9991176724433899
  ],
  "mean_accuracy": 0.9994117856025696,
  "std_accuracy": 0.0002630681382727971
}